time,rss,heapUsed
1707811248211,670552064,17098976
1707811253217,689782784,15363792
1707811258220,722137088,15709592
1707811263230,703725568,15927688
1707811268231,636432384,15873656
1707811273243,640532480,15877472
1707811278243,620404736,16542776
1707811283244,624693248,16644736
1707811288250,597774336,16316064
1707811293265,541741056,16549232
1707811298272,549195776,16747072
1707811303275,562880512,17083032
1707811308284,572850176,16878776
1707811313286,589115392,17211856
1707811318289,613085184,17535088
1707811323290,620679168,17874440
1707811328299,596660224,17630744
1707811333299,602697728,17854192
1707811338308,616759296,18038432
1707811343313,626216960,18149232
1707811348324,633524224,18390784
1707811353329,640524288,18579544
1707811358341,648626176,18974712
1707811363328,660443136,18805512
1707811368342,671559680,18935824
1707811373365,687312896,18923040
1707811378373,699326464,19374664
1707811383376,754868224,19659776
1707811388377,761454592,19399208
1707811393390,748331008,19670696
1707811398394,681619456,19938136
1707811403398,689680384,20178896
1707811408397,702300160,20089944
1707811413399,666898432,20642528
1707811418410,552927232,20943264
1707811423426,562196480,20551192
1707811428434,575295488,20757888
1707811433438,590573568,21010792
1707811438449,608108544,21325984
1707811443451,622256128,21607224
1707811448456,623013888,21772760
1707811453461,632741888,21910464
1707811458463,643473408,22002664
1707811463464,659345408,21626864
1707811468472,667418624,21710296
1707811473475,671944704,21903048
1707811478483,674373632,22041640
1707811483496,687996928,22566456
1707811488497,695762944,22699608
1707811493508,709611520,23005560
1707811498511,732143616,23125408
1707811504141,987807744,133131104
1707811511554,1228136448,328502344
1707811520630,1037860864,295374680
1707811525634,930476032,287933168
1707811530635,938172416,288633536
1707811535643,948617216,289427672
1707811540656,923369472,290175664
1707811545666,932462592,290817808
1707811550670,936386560,291517472
1707811555677,935333888,292318728
1707811560686,947048448,293032592
1707811565689,964046848,293745144
1707811570694,979890176,294571608
1707811575696,989110272,295546400
1707811580696,967581696,288752744
1707811585702,976330752,289671568
1707811590702,985399296,288664504
1707811595702,927440896,224133144
1707811600708,933916672,224898408
1707811605705,937033728,224357056
1707811610712,942006272,225123304
1707811615722,957542400,224784984
1707811620725,979886080,225181456
1707811625727,998871040,225438720
1707811630727,1012228096,225542144
1707811635744,1024671744,225641272
1707811640756,1018155008,225591960
1707811645768,1064103936,225989552
1707811650769,1053827072,225722392
1707811655774,1062723584,225939576
1707811660773,948731904,226135344
1707811665783,959594496,226500704
1707811670786,887107584,226843472
1707811675793,898273280,226681608
1707811680795,907771904,226859888
1707811685795,876589056,227023160
1707811690796,883548160,227198288
1707811695796,891715584,227411120
1707811700797,909316096,227726992
1707811705799,931995648,227416160
1707811710799,946728960,227678912
1707811715802,954093568,227834376
1707811720807,961048576,227997120
1707811725817,964898816,228110856
1707811730824,969932800,228335272
1707811735826,979111936,228523232
1707811740846,982831104,228705000
1707811745846,988155904,228871432
1707811750846,995872768,229293000
1707811755848,1005187072,229503848
1707811760854,1029447680,229688360
1707811771239,1439150080,442643808
1707811779121,1390817280,490893696
1707811788818,1346101248,590363688
1707811793818,1311477760,591248784
1707811798822,1319145472,591897936
1707811803834,1323597824,592349032
1707811808837,1330335744,592880744
1707811813851,1336074240,593496232
1707811818871,1344819200,594144560
1707811823875,1322213376,587636080
1707811828888,1329815552,588466264
1707811833889,1340715008,589249008
1707811838895,1352482816,587368880
1707811843902,1362132992,588211056
1707811848902,1205837824,430730224
1707811853902,1218273280,430932944
1707811858902,1223446528,431513728
1707811863905,1230229504,431587328
1707811868905,1237958656,431775608
1707811873905,1243111424,431924560
1707811878906,1245990912,432039488
1707811883910,1248641024,432202624
1707811888920,1264529408,432013016
1707811893925,1275936768,432251728
1707811898930,1286443008,432300568
1707811903917,1295306752,432466880
1707811908956,1300844544,432512232
1707811913958,1292464128,433202784
1707811918965,1283915776,432872816
1707811923970,1272451072,433154304
1707811928973,1256693760,433486728
1707811933978,1184378880,433752648
1707811938982,1194717184,433619008
1707811943984,1203130368,434047112
1707811948988,1175179264,433885512
1707811953988,1184759808,434122656
1707811958992,1187213312,434266968
1707811964014,1197326336,434550880
1707811969022,1217900544,434837224
1707811974031,1235734528,435089880
1707811979036,1253912576,434746288
1707811984046,1262301184,434919496
1707811989052,1269014528,435156224
1707811994055,1271832576,435364024
1707811999066,1281630208,435546960
1707812004067,1287045120,435735080
1707812009078,1290432512,435952832
1707812014081,1292640256,435861320
1707812019085,1306542080,436432616
1707812024087,1324052480,436455184
1707812031657,1492062208,514965216
1707812036669,1576779776,584303224
1707812045152,1501704192,584756608
1707812055917,1626066944,727360424
1707812060929,1475837952,660479744
1707812065929,1487327232,661209072
1707812070937,1465298944,654725384
1707812075942,1475158016,655441808
1707812080941,1486942208,656198624
1707812085944,1492488192,656951376
1707812090947,1497944064,657779408
1707812095960,1499365376,655224496
1707812100975,1505366016,655882456
1707812105977,1526251520,656801440
1707812110980,1547423744,657682856
1707812115981,1551872000,658530480
1707812120980,1556254720,659464656
1707812125985,1523716096,638896024
1707812130990,1528733696,638898400
1707812135996,1533689856,639117696
1707812140998,1538011136,639234624
1707812146008,1541705728,638909760
1707812151008,1542975488,639237992
1707812156019,1547337728,639314312
1707812161027,1561899008,639802320
1707812166040,1574121472,639829224
1707812171055,1584361472,639890072
1707812176055,1610006528,640087400
1707812181056,1615773696,640344560
1707812186056,1643835392,640103216
1707812191060,1658097664,640389776
1707812196065,1625292800,640602888
1707812201066,1629855744,640859536
1707812206067,1555345408,640682792
1707812211067,1521143808,640943608
1707812216069,1529643008,641195392
1707812221072,1451560960,641436192
1707812226080,1463029760,641667976
1707812231090,1474813952,641863992
1707812236091,1491083264,641582344
1707812241093,1508605952,641823560
1707812246103,1523130368,642049528
1707812251103,1532944384,642323176
1707812256111,1546420224,642477504
1707812261111,1552924672,642681128
1707812266107,1561718784,642815888
1707812271109,1571426304,642978088
1707812276111,1575882752,643069480
1707812281112,1579339776,643325376
1707812286121,1582964736,643221440
1707812291127,1590607872,643698736
1707812296135,1594757120,644017448
1707812301146,1686835200,670935224
1707812308801,1931239424,819195624
1707812313950,1961107456,880487768
1707812318959,1891725312,826721392
1707812327239,2022780928,935356648
1707812332239,2021629952,936041032
1707812337252,1982857216,936718624
1707812342255,1977823232,937376912
1707812347256,1947308032,923200000
1707812352257,1952841728,923944624
1707812357259,1956696064,923937704
1707812362260,1951850496,923884448
1707812367262,1919143936,924105296
1707812372263,1921286144,923858184
1707812377263,1862500352,844996328
1707812382265,1857019904,845425896
1707812387266,1862774784,845111848
1707812392271,1866424320,845270000
1707812397286,1867411456,845640528
1707812402285,1873104896,845858632
1707812407291,1877200896,846013816
1707812412291,1885872128,846280592
1707812417297,1889714176,846575688
1707812422299,1893847040,846327416
1707812427303,1899528192,846600480
1707812432306,1911869440,846840776
1707812437315,1871294464,847075272
1707812442316,1910718464,847320176
1707812447325,1838645248,846951928
1707812452333,1810944000,847220120
1707812457333,1830117376,847485632
1707812462335,1809477632,847759584
1707812467337,1820131328,847733464
1707812472338,1827323904,848126592
1707812477349,1794240512,848334648
1707812482351,1759809536,848602936
1707812487360,1771843584,848857304
1707812492370,1793462272,848540688
1707812497385,1821859840,848812392
1707812502386,1828261888,849058064
1707812507373,1834344448,849361408
1707812512374,1841463296,849607112
1707812517379,1847132160,849724064
1707812522385,1852043264,849798848
1707812527390,1862565888,849890536
1707812532390,1865781248,849530200
1707812537391,1871777792,849876272
1707812542392,1875177472,850327160
1707812547394,1885102080,850581784
1707812552401,1904476160,850497248
1707812557753,2011787264,893978152
1707812567840,2195644416,1045178480
1707812572947,2315915264,1124307544
1707812577947,2289721344,1140503696
1707812583022,2306088960,1025550392
1707812589587,2176335872,1069838872
1707812594597,2103513088,1085941504
1707812599615,2110451712,1086375648
1707812604616,2076053504,1086940032
1707812609631,2083373056,1087551144
1707812614632,2088837120,1088238456
1707812619636,2098171904,1088865392
1707812624638,2105749504,1089558880
1707812629645,2109431808,1090337248
1707812634650,2112454656,1091041760
1707812639654,2120200192,1091879432
1707812644656,2127212544,1092707360
1707812649657,2115366912,1078965184
1707812654656,2123812864,1079801072
1707812659668,2129747968,1079113408
1707812664669,2134675456,1079821840
1707812669673,2134892544,1078827280
1707812674680,2138664960,1078934952
1707812679686,2142203904,1079000008
1707812684691,2117890048,1052606744
1707812689699,2120384512,1053279280
1707812694711,2122821632,1053340656
1707812699711,2133110784,1053731952
1707812704713,2144182272,1053848768
1707812709713,2169966592,1054190208
1707812714716,2204807168,1054276160
1707812719721,2240495616,1053995656
1707812724723,2207899648,1054290272
1707812729727,2188201984,1054595200
1707812734728,2203181056,1054867360
1707812739728,2211233792,1054675704
1707812744729,2218094592,1055132680
1707812749736,2225524736,1055457648
1707812754745,2191757312,1055201920
1707812759751,2156736512,1055490752
1707812764756,2089009152,1055706184
1707812769759,2102591488,1055959080
1707812774759,2073907200,1056239088
1707812779759,2047918080,1055953328
1707812784759,2058493952,1056233944
1707812789770,2067570688,1056449680
1707812794771,2071658496,1056543776
1707812799785,2084089856,1056680944
1707812804779,2096418816,1056818264
1707812809780,2108862464,1056956168
1707812814789,2115489792,1057190008
1707812819797,2123042816,1057127960
1707812824801,2135740416,1057391832
1707812829805,2152570880,1057596016
1707812837523,2330574848,1161563416
1707812844546,2444505088,1221928752
1707812849551,2477223936,1261190424
1707812854579,2487021568,1317293736
1707812861005,2563506176,1371696312
1707812867469,2632478720,1425782872
1707812872473,2634420224,1426272568
1707812877475,2638925824,1426998240
1707812882476,2640625664,1427753432
1707812887480,2642083840,1428595256
1707812892483,2649944064,1429382584
1707812897489,2611490816,1415335488
1707812902492,2618175488,1415269128
1707812907493,2615709696,1415073752
1707812912494,2618667008,1415357888
1707812917495,2628886528,1415673304
1707812922502,2630664192,1416023464
1707812927499,2632785920,1415717384
1707812932501,2635431936,1415960832
1707812937504,2636759040,1416251904
1707812942512,2640723968,1416496344
1707812947519,2642591744,1416644008
1707812952522,2646204416,1416812872
1707812957522,2637541376,1416587080
1707812962526,2641129472,1416865104
1707812967536,2648805376,1417101792
1707812972537,2677063680,1417399888
1707812977538,2688364544,1417530800
1707812982543,2665377792,1417835328
1707812987550,2677403648,1417542560
1707812992554,2604281856,1417855288
1707812997558,2532376576,1418263384
1707813002565,2502041600,1418018648
1707813007567,2508935168,1418298784
1707813012571,2522030080,1418663960
1707813017577,2535219200,1419045152
1707813022582,2548076544,1418772984
1707813027587,2515341312,1419048168
1707813032587,2522918912,1419327088
1707813037592,2498031616,1419543832
1707813042592,2514931712,1419762800
1707813047593,2527301632,1419972776
1707813052596,2531999744,1420092800
1707813057596,2539032576,1419740352
1707813062598,2544656384,1419957256
1707813067598,2550042624,1420211872
1707813072614,2555924480,1420528464
1707813077617,2565685248,1420844136
1707813082619,2579456000,1420649984
1707813087882,2698141696,1463600168
1707813092889,2609086464,1356311616
1707813098016,2710917120,1398696272
1707813103567,2852147200,1505224936
1707813109409,2924527616,1558678368
1707813118029,2906472448,1637011376
1707813123030,2884399104,1664550104
1707813128034,2844086272,1665296584
1707813133034,2849824768,1666047736
1707813138035,2862804992,1666859640
1707813143040,2823458816,1667680088
1707813148050,2832142336,1668500872
1707813153052,2837991424,1669276864
1707813158057,2841071616,1670046320
1707813163067,2853761024,1670953408
1707813168079,2847645696,1664842544
1707813173088,2856701952,1665720296
1707813178101,2864939008,1665239392
1707813183106,2869293056,1666111232
1707813188110,2869460992,1665206960
1707813193144,2701590528,1466717816
1707813198146,2685149184,1467455728
1707813203151,2688544768,1467349272
1707813208157,2693054464,1467520840
1707813213161,2698539008,1467698224
1707813218160,2708627456,1467858184
1707813223168,2732171264,1468172952
1707813228168,2767585280,1468454448
1707813233170,2750160896,1468172288
1707813238170,2769068032,1468447192
1707813243172,2804432896,1468816120
1707813248176,2773745664,1468673232
1707813253184,2783514624,1468988912
1707813258185,2735247360,1469388960
1707813263187,2743296000,1469260488
1707813268188,2748968960,1469659648
1707813273195,2753224704,1469925992
1707813278209,2764513280,1470139432
1707813283214,2767073280,1469812256
1707813288220,2655690752,1470046712
1707813293231,2663739392,1470328608
1707813298233,2595643392,1470540936
1707813303239,2600394752,1470712184
1707813308251,2610442240,1470901032
1707813313252,2620313600,1471104656
1707813318253,2592026624,1470819960
1707813323256,2597548032,1471143512
1707813328257,2607247360,1471361128
1707813333271,2616463360,1471698360
1707813338278,2739499008,1530809888
1707813343277,2818994176,1585522640
1707813348281,2791960576,1586371424
1707813358726,2961211392,1664044352
1707813365560,3027705856,1734754032
1707813371684,3147931648,1812921736
1707813376686,3153735680,1826843936
1707813381686,3154894848,1827576928
1707813386687,3159818240,1828318800
1707813391691,3161010176,1829194120
1707813396691,3167485952,1830073704
1707813401691,3170205696,1830909992
1707813406704,3171880960,1831725088
1707813411711,3175604224,1832576424
1707813416714,3177263104,1833408920
1707813421718,3178790912,1834208752
1707813426721,3179786240,1835118008
1707813431727,3169873920,1836070928
1707813436729,3171278848,1836926640
1707813441730,3172671488,1837771400
1707813446737,3177271296,1838504768
1707813451739,3150131200,1826139704
1707813456746,3152457728,1826876392
1707813461749,3157274624,1827709376
1707813466750,3177275392,1828434952
1707813471750,3191103488,1826964320
1707813476764,3205193728,1827829904
1707813481766,3221700608,1828639976
1707813486767,3235356672,1829526248
1707813491785,3192283136,1827495136
1707813496788,3205521408,1827498160
1707813501789,3133378560,1828367128
1707813506789,3137699840,1827692024
1707813511790,3057410048,1827987408
1707813516805,3023663104,1828323496
1707813521808,3039059968,1828161072
1707813526813,3043749888,1828345928
1707813531813,3053547520,1828630752
1707813536823,3065712640,1828892472
1707813541829,3034300416,1829140248
1707813546844,3051892736,1828863184
1707813551855,3054841856,1829072408
1707813556869,3061673984,1829291816
1707813561869,3081486336,1829494368
1707813566876,3087597568,1829724416
1707813571887,3090649088,1830026728
1707813576894,3094237184,1830269688
1707813581894,3189858304,1888675904
1707813586895,3200303104,1889553680
1707813592456,3283550208,1944615464
1707813597459,3364036608,1984100608
1707813602467,3238072320,1806086224
1707813607625,3287040000,1848315976
1707813612629,3301502976,1863938080
1707813624409,3392581632,2009042296
1707813629413,3404603392,2011600872
1707813634414,3358183424,2012442840
1707813639414,3320094720,2013261832
1707813644416,3282993152,2014020416
1707813649418,3293413376,2014917032
1707813654432,3303579648,2015823176
1707813659441,3309170688,2016699384
1707813664445,3314987008,2017575440
1707813669447,3332378624,2018431448
1707813674447,3339325440,2019270288
1707813679451,3351834624,2020147704
1707813684462,3358060544,2021020352
1707813689467,3367153664,2021885320
1707813694477,3370795008,2022678296
1707813699479,3373350912,2023531888
1707813704484,3378249728,2024371624
1707813709484,3219144704,1881649168
1707813714484,3228151808,1882331336
1707813719487,3242102784,1882376384
1707813724489,3273728000,1882081984
1707813729489,3301597184,1882622920
1707813734494,3276730368,1882815072
1707813739496,3298717696,1883167800
1707813744498,3326935040,1882902872
1707813749506,3345698816,1883361136
1707813754512,3355238400,1883784776
1707813759523,3274166272,1883457872
1707813764522,3279327232,1883746240
1707813769528,3286618112,1884212912
1707813774530,3292794880,1883979824
1707813779530,3306643456,1884217720
1707813784546,3312410624,1884507480
1707813789546,3314855936,1884729592
1707813794552,3318640640,1884965568
1707813799557,3322142720,1885206936
1707813804563,3332034560,1884820056
1707813809568,3341430784,1885136344
1707813814575,3306467328,1885403672
1707813819576,3310686208,1885689272
1707813824585,3277545472,1885997624
1707813829587,3355983872,1938536704
1707813834589,3326590976,1939380816
1707813840860,3474268160,2031906360
1707813847076,3477696512,2026622096
1707813852077,3486965760,2027728456
1707813857387,3557105664,2056116336
1707813863743,3683188736,2108199824
1707813871252,3778793472,2217947344
1707813876255,3785011200,2235409256
1707813881268,3743375360,2236189472
1707813886272,3744542720,2236987080
1707813891279,3748028416,2237822408
1707813896279,3749474304,2238688376
1707813901279,3753709568,2239537944
1707813906280,3716751360,2224085752
1707813911283,3717689344,2224946176
1707813916289,3721334784,2224652560
1707813921292,3724414976,2225471384
1707813926296,3726049280,2224989736
1707813931308,3731038208,2225264744
1707813936318,3731623936,2225022112
1707813941323,3733778432,2225187512
1707813946330,3737550848,2225453232
1707813951330,3738951680,2225610280
1707813956334,3741118464,2225827344
1707813961333,3746226176,2225973664
1707813966338,3750096896,2226243304
1707813971338,3757547520,2226015072
1707813976340,3769794560,2226354264
1707813981345,3783024640,2226725904
1707813986345,3793485824,2226960440
1707813991353,3806142464,2226625048
1707813996358,3774537728,2227069360
1707814001358,3780669440,2227453696
1707814006359,3750420480,2227220960
1707814011368,3757768704,2227635472
1707814016371,3766468608,2228039576
1707814021380,3687395328,2227836368
1707814026380,3696910336,2228124152
1707814031384,3702824960,2228356280
1707814036384,3669200896,2228634696
1707814041384,3684716544,2228862416
1707814046398,3653509120,2228546352
1707814051400,3625013248,2228836312
1707814056401,3630776320,2229010256
1707814061414,3594170368,2229188560
1707814066429,3605385216,2229348104
1707814071902,3723563008,2272491152
1707814076902,3741233152,2286640808
1707814081904,3752865792,2287468224
1707814087802,3834015744,2343337144
1707814092808,3908087808,2387413816
1707814097809,3995332608,2439657984
1707814102810,3799769088,2200308288
1707814115785,3982860288,2344191904
1707814122135,4050235392,2390955432
1707814127137,4050214912,2402066912
1707814132139,4050341888,2402809152
1707814137138,4050477056,2403654360
1707814142139,4050644992,2404525480
1707814147139,4050796544,2405366800
1707814152141,4051054592,2406238472
1707814157144,4051550208,2407117352
1707814162149,4051722240,2408003824
1707814167149,4052201472,2408823160
1707814172164,4053032960,2409635736
1707814177180,4041822208,2410384896
1707814182185,4043304960,2411135424
1707814187190,4038488064,2411894632
1707814192193,4040966144,2412618072
1707814197200,4043177984,2413402032
1707814202207,3919425536,2295756296
1707814207207,3924893696,2295934064
1707814212208,3927822336,2296282968
1707814217208,3932020736,2296456600
1707814222215,3939708928,2296779912
1707814227220,3947966464,2296969840
1707814232220,3918565376,2297228912
1707814237222,3924549632,2296846664
1707814242223,3935145984,2297205208
1707814247228,3889774592,2297234360
1707814252230,3908562944,2297602824
1707814257232,3915390976,2297414424
1707814262232,3918282752,2297712672
1707814267232,3924127744,2298029616
1707814272233,3928621056,2298309880
1707814277236,3932794880,2298121968
1707814282238,3941425152,2298435272
1707814287238,3951894528,2298739744
1707814292244,3961856000,2298427528
1707814297257,3880595456,2298657448
1707814302257,3842506752,2298951512
1707814307258,3848568832,2299241232
1707814312260,3809689600,2299434400
1707814317270,3778797568,2299725704
1707814322270,3785605120,2299456952
1707814327274,3880841216,2358923512
1707814332398,3954008064,2397393352
1707814337398,3968516096,2414664312
1707814342400,4066439168,2454297840
1707814347403,4133691392,2510831248
1707814352419,4139106304,2511654760
1707814359947,4173729792,2460117768
1707814364950,3670859776,2568845744
1707814370157,3730677760,2595687400
1707814375162,3539390464,2610616840
1707814380170,3540123648,2611048872
1707814385171,3540590592,2611538048
1707814390176,3540623360,2612018912
1707814395187,3540914176,2612484336
1707814400189,3541340160,2612991224
1707814405190,3541655552,2613441304
1707814410192,3542335488,2613851664
1707814415193,3544027136,2614327616
1707814420203,3545440256,2614779408
1707814425207,3546640384,2615183800
1707814430215,3514793984,2615652016
1707814435221,3517624320,2616160224
1707814440223,3527786496,2616591288
1707814445233,3537199104,2617018528
1707814450236,3545559040,2617509160
1707814455240,3549532160,2617965856
1707814460240,3557228544,2618454120
1707814465250,3558379520,2618964464
1707814470259,3558907904,2619483608
1707814475272,3559989248,2619890280
1707814480272,3567669248,2620392232
1707814485273,3574370304,2620868816
1707814490273,3575902208,2621304728
1707814495287,3545620480,2607695480
1707814500291,3547275264,2608149192
1707814505297,3548770304,2608586184
1707814510308,3550076928,2609070600
1707814515318,3551207424,2609475328
1707814520331,3555123200,2607723704
1707814525336,3556904960,2608169032
1707814530337,3558047744,2608602712
1707814535343,3559628800,2609089864
1707814540350,3560984576,2609564984
1707814545364,3562528768,2609993680
1707814550367,3663630336,2673484552
1707814555373,3665276928,2673827608
1707814560384,3733385216,2710887376
1707814565699,3860242432,2813472448
